<?xml version="1.0" encoding="utf-8"?>
<feed xmlns="http://www.w3.org/2005/Atom">

 <title>R for cats</title>
 <link href="http://rforcats.net//atom.xml" rel="self"/>
 <link href="http://rforcats.net//"/>
 <updated>2014-05-14T09:42:02-07:00</updated>
 <id>http://rforcats.net/</id>
 <author>
   <name>Scott Chamberlain</name>
   <email></email>
 </author>

 
 <entry>
   <title>no blog</title>
   <link href="http://rforcats.net//2014/01/02/noposts/"/>
   <updated>2014-01-02T00:00:00-08:00</updated>
   <id>http://rforcats.net//2014/01/02/noposts</id>
   <content type="html">&lt;h3&gt;nothing to see here :)&lt;/h3&gt;
</content>
 </entry>
 

</feed>
